{
	"credit": "Made By WantedRobot",
	"ambientocclusion": false,
	"textures": {
		"cocoa": "block/cocoa_stage1",
		"particle": "block/cocoa_stage1"
	},
	"elements": [
		{
			"from": [6.6, 6.9, 12.6],
			"to": [9.4, 10.4, 15.4],
			"faces": {
				"north": {"uv": [9, 4, 15, 9.5], "texture": "#cocoa"},
				"east": {"uv": [9, 4, 15, 9.5], "texture": "#cocoa"},
				"south": {"uv": [9, 4, 15, 9.5], "texture": "#cocoa"},
				"west": {"uv": [9, 4, 15, 9.5], "texture": "#cocoa"},
				"up": {"uv": [0, 0, 6, 6], "texture": "#cocoa"},
				"down": {"uv": [0, 0, 6, 6], "texture": "#cocoa"}
			}
		},
		{
			"from": [8, 10.75, 12.6],
			"to": [8, 13.55, 16.1],
			"faces": {
				"east": {"uv": [16, 0, 11, 4], "texture": "#cocoa"},
				"west": {"uv": [11, 0, 16, 4], "texture": "#cocoa"}
			}
		},
		{
			"from": [6.95, 4.8, 12.95],
			"to": [9.05, 10.75, 15.05],
			"faces": {
				"north": {"uv": [9, 4, 15, 10], "texture": "#cocoa"},
				"east": {"uv": [9, 4, 15, 10], "texture": "#cocoa"},
				"south": {"uv": [9, 4, 15, 10], "texture": "#cocoa"},
				"west": {"uv": [9, 4, 15, 10], "texture": "#cocoa"},
				"up": {"uv": [0, 0, 6, 6], "texture": "#cocoa"},
				"down": {"uv": [0, 0, 6, 6], "texture": "#cocoa"}
			}
		},
		{
			"from": [7.3, 4.1, 13.3],
			"to": [8.7, 4.8, 14.7],
			"faces": {
				"north": {"uv": [9, 9.5, 15, 11], "texture": "#cocoa"},
				"east": {"uv": [9, 9.5, 15, 11], "texture": "#cocoa"},
				"south": {"uv": [9, 9.5, 15, 11], "texture": "#cocoa"},
				"west": {"uv": [9, 9.5, 15, 11], "texture": "#cocoa"},
				"down": {"uv": [0, 0, 6, 6], "texture": "#cocoa"}
			}
		}
	]
}