{
	"credit": "Made By WantedRobot",
	"ambientocclusion": false,
	"textures": {
		"cocoa": "block/cocoa_stage2",
		"particle": "block/cocoa_stage2"
	},
	"elements": [
		{
			"from": [5.9, 5.4, 11.2],
			"to": [10.1, 10.3, 15.4],
			"faces": {
				"north": {"uv": [7, 4, 15, 11], "texture": "#cocoa"},
				"east": {"uv": [7, 4, 15, 11], "texture": "#cocoa"},
				"south": {"uv": [7, 4, 15, 11], "texture": "#cocoa"},
				"west": {"uv": [7, 4, 15, 11], "texture": "#cocoa"},
				"up": {"uv": [0, 0, 7, 7], "texture": "#cocoa"},
				"down": {"uv": [0, 0, 7, 7], "texture": "#cocoa"}
			}
		},
		{
			"from": [6.25, 2.075, 11.55],
			"to": [9.75, 10.825, 15.05],
			"faces": {
				"north": {"uv": [7, 4, 15, 12], "texture": "#cocoa"},
				"east": {"uv": [7, 4, 15, 12], "texture": "#cocoa"},
				"south": {"uv": [7, 4, 15, 12], "texture": "#cocoa"},
				"west": {"uv": [7, 4, 15, 12], "texture": "#cocoa"},
				"up": {"uv": [0, 0, 7, 7], "texture": "#cocoa"},
				"down": {"uv": [0, 0, 7, 7], "texture": "#cocoa"}
			}
		},
		{
			"from": [6.6, 1.375, 11.9],
			"to": [9.4, 2.075, 14.7],
			"faces": {
				"north": {"uv": [7, 11, 15, 13], "texture": "#cocoa"},
				"east": {"uv": [7, 11, 15, 13], "texture": "#cocoa"},
				"south": {"uv": [7, 11, 15, 13], "texture": "#cocoa"},
				"west": {"uv": [7, 9.5, 15, 13], "texture": "#cocoa"},
				"down": {"uv": [0, 0, 7, 7], "texture": "#cocoa"}
			}
		},
		{
			"from": [10.8, 3.3, 11.2],
			"to": [15, 8.2, 15.4],
			"rotation": {"angle": -22.5, "axis": "z", "origin": [12.2, 5.4, 10.5]},
			"faces": {
				"north": {"uv": [7, 4, 15, 11], "texture": "#cocoa"},
				"east": {"uv": [7, 4, 15, 11], "texture": "#cocoa"},
				"south": {"uv": [7, 4, 15, 11], "texture": "#cocoa"},
				"west": {"uv": [7, 4, 15, 11], "texture": "#cocoa"},
				"up": {"uv": [0, 0, 7, 7], "texture": "#cocoa"},
				"down": {"uv": [0, 0, 7, 7], "texture": "#cocoa"}
			}
		},
		{
			"from": [11.15, -0.025, 11.55],
			"to": [14.65, 8.725, 15.05],
			"rotation": {"angle": -22.5, "axis": "z", "origin": [12.2, 5.4, 10.5]},
			"faces": {
				"north": {"uv": [7, 4, 15, 12], "texture": "#cocoa"},
				"east": {"uv": [7, 4, 15, 12], "texture": "#cocoa"},
				"south": {"uv": [7, 4, 15, 12], "texture": "#cocoa"},
				"west": {"uv": [7, 4, 15, 12], "texture": "#cocoa"},
				"up": {"uv": [0, 0, 7, 7], "texture": "#cocoa"},
				"down": {"uv": [0, 0, 7, 7], "texture": "#cocoa"}
			}
		},
		{
			"from": [11.5, -0.725, 11.9],
			"to": [14.3, -0.025, 14.7],
			"rotation": {"angle": -22.5, "axis": "z", "origin": [12.2, 5.4, 10.5]},
			"faces": {
				"north": {"uv": [7, 11, 15, 13], "texture": "#cocoa"},
				"east": {"uv": [7, 11, 15, 13], "texture": "#cocoa"},
				"south": {"uv": [7, 11, 15, 13], "texture": "#cocoa"},
				"west": {"uv": [7, 9.5, 15, 13], "texture": "#cocoa"},
				"down": {"uv": [0, 0, 7, 7], "texture": "#cocoa"}
			}
		},
		{
			"from": [1.175, 2.425, 11.2],
			"to": [5.375, 7.325, 15.4],
			"rotation": {"angle": 22.5, "axis": "z", "origin": [3.8, 4.7, 10.5]},
			"faces": {
				"north": {"uv": [7, 4, 15, 11], "texture": "#cocoa"},
				"east": {"uv": [7, 4, 15, 11], "texture": "#cocoa"},
				"south": {"uv": [7, 4, 15, 11], "texture": "#cocoa"},
				"west": {"uv": [7, 4, 15, 11], "texture": "#cocoa"},
				"up": {"uv": [0, 0, 7, 7], "texture": "#cocoa"},
				"down": {"uv": [0, 0, 7, 7], "texture": "#cocoa"}
			}
		},
		{
			"from": [1.525, -0.9, 11.55],
			"to": [5.025, 7.85, 15.05],
			"rotation": {"angle": 22.5, "axis": "z", "origin": [3.8, 4.7, 10.5]},
			"faces": {
				"north": {"uv": [7, 4, 15, 12], "texture": "#cocoa"},
				"east": {"uv": [7, 4, 15, 12], "texture": "#cocoa"},
				"south": {"uv": [7, 4, 15, 12], "texture": "#cocoa"},
				"west": {"uv": [7, 4, 15, 12], "texture": "#cocoa"},
				"up": {"uv": [0, 0, 7, 7], "texture": "#cocoa"},
				"down": {"uv": [0, 0, 7, 7], "texture": "#cocoa"}
			}
		},
		{
			"from": [1.875, -2.6, 11.9],
			"to": [4.675, -0.9, 14.7],
			"rotation": {"angle": 22.5, "axis": "z", "origin": [3.8, 4.7, 10.5]},
			"faces": {
				"north": {"uv": [7, 11, 15, 13], "texture": "#cocoa"},
				"east": {"uv": [7, 11, 15, 13], "texture": "#cocoa"},
				"south": {"uv": [7, 11, 15, 13], "texture": "#cocoa"},
				"west": {"uv": [7, 9.5, 15, 13], "texture": "#cocoa"},
				"down": {"uv": [0, 0, 7, 7], "texture": "#cocoa"}
			}
		},
		{
			"from": [8, 10.825, 11.375],
			"to": [8, 13.625, 16.1],
			"faces": {
				"east": {"uv": [16, 0, 10, 4], "texture": "#cocoa"},
				"west": {"uv": [10, 0, 16, 4], "texture": "#cocoa"}
			}
		},
		{
			"from": [3.975, 6.625, 11.375],
			"to": [3.975, 10.825, 16.1],
			"rotation": {"angle": -45, "axis": "z", "origin": [3.8, 9.425, 13.7375]},
			"faces": {
				"east": {"uv": [16, 0, 10, 4], "texture": "#cocoa"},
				"west": {"uv": [10, 0, 16, 4], "texture": "#cocoa"}
			}
		},
		{
			"from": [12.2, 7.325, 11.375],
			"to": [12.2, 11.525, 16.1],
			"rotation": {"angle": 45, "axis": "z", "origin": [12.2, 10.125, 13.7375]},
			"faces": {
				"east": {"uv": [16, 0, 10, 4], "texture": "#cocoa"},
				"west": {"uv": [10, 0, 16, 4], "texture": "#cocoa"}
			}
		}
	],
	"groups": [
		{
			"name": "group",
			"children": [0, 1, 2]
		},
		{
			"name": "group5",
			"children": [3, 4, 5]
		},
		{
			"name": "group2",
			"children": [6, 7, 8]
		}, 9, 10, 11]
}