{
	"credit": "Made By WantedRobot",
	"ambientocclusion": false,
	"textures": {
		"0": "block/redstone_torch_off",
		"slab": "block/smooth_stone",
		"top": "block/comparator",
		"particle": "block/comparator"
	},
	"elements": [
		{
			"from": [0, 0, 0],
			"to": [16, 2, 16],
			"faces": {
				"north": {"uv": [0, 14, 16, 16], "texture": "#slab", "cullface": "north"},
				"east": {"uv": [0, 14, 16, 16], "texture": "#slab", "cullface": "east"},
				"south": {"uv": [0, 14, 16, 16], "texture": "#slab", "cullface": "south"},
				"west": {"uv": [0, 14, 16, 16], "texture": "#slab", "cullface": "west"},
				"up": {"uv": [0, 0, 16, 16], "texture": "#top"},
				"down": {"uv": [0, 0, 16, 16], "texture": "#slab", "cullface": "down"}
			}
		},
		{
			"from": [6.5, 3, 2],
			"to": [9.5, 3.5, 2.5],
			"faces": {
				"east": {"uv": [7, 8, 7.5, 8.5], "texture": "#0"},
				"south": {"uv": [7, 8, 7.5, 8.5], "texture": "#0"},
				"west": {"uv": [7, 8, 7.5, 8.5], "texture": "#0"},
				"up": {"uv": [7, 8, 7.5, 8.5], "texture": "#0"}
			}
		},
		{
			"from": [6.5, 3, 3.5],
			"to": [9.5, 3.5, 4],
			"faces": {
				"north": {"uv": [8.5, 8, 9, 8.5], "texture": "#0"},
				"east": {"uv": [8.5, 8, 9, 8.5], "texture": "#0"},
				"west": {"uv": [8.5, 8, 9, 8.5], "texture": "#0"},
				"up": {"uv": [8.5, 8, 9, 8.5], "texture": "#0"}
			}
		},
		{
			"from": [7, 3, 1.5],
			"to": [7.5, 3.5, 4.5],
			"faces": {
				"north": {"uv": [8.5, 8, 9, 8.5], "texture": "#0"},
				"east": {"uv": [8.5, 8, 9, 8.5], "texture": "#0"},
				"south": {"uv": [7, 8, 7.5, 8.5], "texture": "#0"},
				"up": {"uv": [8.5, 8, 9, 8.5], "texture": "#0"}
			}
		},
		{
			"from": [8.5, 3, 1.5],
			"to": [9, 3.5, 4.5],
			"faces": {
				"north": {"uv": [7, 8, 7.5, 8.5], "texture": "#0"},
				"south": {"uv": [8.5, 8, 9, 8.5], "texture": "#0"},
				"west": {"uv": [7, 8, 7.5, 8.5], "texture": "#0"},
				"up": {"uv": [7, 8, 7.5, 8.5], "texture": "#0"}
			}
		},
		{
			"from": [8.5, 5.5, 1.5],
			"to": [9, 6, 4.5],
			"faces": {
				"north": {"uv": [7, 5.5, 7.5, 6], "texture": "#0"},
				"south": {"uv": [7, 5.5, 7.5, 6], "texture": "#0"},
				"west": {"uv": [7, 5.5, 7.5, 6], "texture": "#0"},
				"down": {"uv": [7, 5.5, 7.5, 6], "texture": "#0"}
			}
		},
		{
			"from": [7, 5.5, 1.5],
			"to": [7.5, 6, 4.5],
			"faces": {
				"north": {"uv": [8.5, 5.5, 9, 6], "texture": "#0"},
				"east": {"uv": [8.5, 5.5, 9, 6], "texture": "#0"},
				"south": {"uv": [8.5, 5.5, 9, 6], "texture": "#0"},
				"down": {"uv": [8.5, 5.5, 9, 6], "texture": "#0"}
			}
		},
		{
			"from": [6.5, 5.5, 3.5],
			"to": [9.5, 6, 4],
			"faces": {
				"north": {"uv": [8.5, 5.5, 9, 6], "texture": "#0"},
				"east": {"uv": [8.5, 5.5, 9, 6], "texture": "#0"},
				"west": {"uv": [8.5, 5.5, 9, 6], "texture": "#0"},
				"down": {"uv": [8.5, 5.5, 9, 6], "texture": "#0"}
			}
		},
		{
			"from": [6.5, 5.5, 2],
			"to": [9.5, 6, 2.5],
			"faces": {
				"east": {"uv": [7, 5.5, 7.5, 6], "texture": "#0"},
				"south": {"uv": [7, 5.5, 7.5, 6], "texture": "#0"},
				"west": {"uv": [7, 5.5, 7.5, 6], "texture": "#0"},
				"down": {"uv": [7, 5.5, 7.5, 6], "texture": "#0"}
			}
		},
		{
			"from": [6.5, 2, 1.5],
			"to": [9.5, 3, 4.5],
			"faces": {
				"north": {"uv": [6.5, 8.5, 9.5, 9.5], "texture": "#0"},
				"east": {"uv": [6.5, 8.5, 9.5, 9.5], "texture": "#0"},
				"south": {"uv": [6.5, 8.5, 9.5, 9.5], "texture": "#0"},
				"west": {"uv": [6.5, 8.5, 9.5, 9.5], "texture": "#0"},
				"up": {"uv": [0, 0, 3, 3], "texture": "#0"}
			}
		},
		{
			"from": [9, 3, 4],
			"to": [9.75, 6, 4.75],
			"faces": {
				"north": {"uv": [9, 5.5, 10, 8.5], "texture": "#0"},
				"east": {"uv": [6, 5.5, 7, 8.5], "texture": "#0"},
				"south": {"uv": [9, 5.5, 10, 8.5], "texture": "#0"},
				"west": {"uv": [6, 5.5, 7, 8.5], "texture": "#0"},
				"up": {"uv": [6.5, 5, 7.5, 6], "rotation": 180, "texture": "#0"},
				"down": {"uv": [6.5, 8, 7.5, 9], "rotation": 180, "texture": "#0"}
			}
		},
		{
			"from": [9, 3, 1.25],
			"to": [9.75, 6, 2],
			"faces": {
				"north": {"uv": [6, 5.5, 7, 8.5], "texture": "#0"},
				"east": {"uv": [9, 5.5, 10, 8.5], "texture": "#0"},
				"south": {"uv": [6, 5.5, 7, 8.5], "texture": "#0"},
				"west": {"uv": [9, 5.5, 10, 8.5], "texture": "#0"},
				"up": {"uv": [8.5, 5, 9.5, 6], "texture": "#0"},
				"down": {"uv": [8.5, 8, 9.5, 9], "texture": "#0"}
			}
		},
		{
			"from": [6.25, 3, 1.25],
			"to": [7, 6, 2],
			"faces": {
				"north": {"uv": [9, 5.5, 10, 8.5], "texture": "#0"},
				"east": {"uv": [6, 5.5, 7, 8.5], "texture": "#0"},
				"south": {"uv": [9, 5.5, 10, 8.5], "texture": "#0"},
				"west": {"uv": [6, 5.5, 7, 8.5], "texture": "#0"},
				"up": {"uv": [6.5, 5, 7.5, 6], "texture": "#0"},
				"down": {"uv": [6.5, 8, 7.5, 9], "texture": "#0"}
			}
		},
		{
			"from": [6.25, 3, 4],
			"to": [7, 6, 4.75],
			"faces": {
				"north": {"uv": [6, 5.5, 7, 8.5], "texture": "#0"},
				"east": {"uv": [9, 5.5, 10, 8.5], "texture": "#0"},
				"south": {"uv": [6, 5.5, 7, 8.5], "texture": "#0"},
				"west": {"uv": [9, 5.5, 10, 8.5], "texture": "#0"},
				"up": {"uv": [6.5, 5, 7.5, 6], "rotation": 270, "texture": "#0"},
				"down": {"uv": [6.5, 8, 7.5, 9], "rotation": 90, "texture": "#0"}
			}
		},
		{
			"from": [7, 3, 2],
			"to": [9, 6, 4],
			"faces": {
				"north": {"uv": [7, 5.5, 9, 8.5], "texture": "#0"},
				"east": {"uv": [7, 5.5, 9, 8.5], "texture": "#0"},
				"south": {"uv": [7, 5.5, 9, 8.5], "texture": "#0"},
				"west": {"uv": [7, 5.5, 9, 8.5], "texture": "#0"}
			}
		},
		{
			"from": [6.5, 6, 1.5],
			"to": [9.5, 7, 4.5],
			"faces": {
				"north": {"uv": [6.5, 4.5, 9.5, 5.5], "texture": "#0"},
				"east": {"uv": [6.5, 4.5, 9.5, 5.5], "texture": "#0"},
				"south": {"uv": [6.5, 4.5, 9.5, 5.5], "texture": "#0"},
				"west": {"uv": [6.5, 4.5, 9.5, 5.5], "texture": "#0"},
				"up": {"uv": [0, 0, 3, 3], "texture": "#0"},
				"down": {"uv": [6.5, 4.5, 9.5, 5.5], "texture": "#0"}
			}
		},
		{
			"from": [3.5, 5, 11],
			"to": [6.5, 5.5, 11.5],
			"faces": {
				"east": {"uv": [7, 8, 7.5, 8.5], "texture": "#0"},
				"south": {"uv": [7, 8, 7.5, 8.5], "texture": "#0"},
				"west": {"uv": [7, 8, 7.5, 8.5], "texture": "#0"},
				"up": {"uv": [7, 8, 7.5, 8.5], "texture": "#0"}
			}
		},
		{
			"from": [3.5, 5, 12.5],
			"to": [6.5, 5.5, 13],
			"faces": {
				"north": {"uv": [8.5, 8, 9, 8.5], "texture": "#0"},
				"east": {"uv": [8.5, 8, 9, 8.5], "texture": "#0"},
				"west": {"uv": [8.5, 8, 9, 8.5], "texture": "#0"},
				"up": {"uv": [8.5, 8, 9, 8.5], "texture": "#0"}
			}
		},
		{
			"from": [4, 5, 10.5],
			"to": [4.5, 5.5, 13.5],
			"faces": {
				"north": {"uv": [8.5, 8, 9, 8.5], "texture": "#0"},
				"east": {"uv": [8.5, 8, 9, 8.5], "texture": "#0"},
				"south": {"uv": [7, 8, 7.5, 8.5], "texture": "#0"},
				"up": {"uv": [8.5, 8, 9, 8.5], "texture": "#0"}
			}
		},
		{
			"from": [5.5, 5, 10.5],
			"to": [6, 5.5, 13.5],
			"faces": {
				"north": {"uv": [7, 8, 7.5, 8.5], "texture": "#0"},
				"south": {"uv": [8.5, 8, 9, 8.5], "texture": "#0"},
				"west": {"uv": [7, 8, 7.5, 8.5], "texture": "#0"},
				"up": {"uv": [7, 8, 7.5, 8.5], "texture": "#0"}
			}
		},
		{
			"from": [5.5, 7.5, 10.5],
			"to": [6, 8, 13.5],
			"faces": {
				"north": {"uv": [7, 5.5, 7.5, 6], "texture": "#0"},
				"south": {"uv": [7, 5.5, 7.5, 6], "texture": "#0"},
				"west": {"uv": [7, 5.5, 7.5, 6], "texture": "#0"},
				"down": {"uv": [7, 5.5, 7.5, 6], "texture": "#0"}
			}
		},
		{
			"from": [4, 7.5, 10.5],
			"to": [4.5, 8, 13.5],
			"faces": {
				"north": {"uv": [8.5, 5.5, 9, 6], "texture": "#0"},
				"east": {"uv": [8.5, 5.5, 9, 6], "texture": "#0"},
				"south": {"uv": [8.5, 5.5, 9, 6], "texture": "#0"},
				"down": {"uv": [8.5, 5.5, 9, 6], "texture": "#0"}
			}
		},
		{
			"from": [3.5, 7.5, 12.5],
			"to": [6.5, 8, 13],
			"faces": {
				"north": {"uv": [8.5, 5.5, 9, 6], "texture": "#0"},
				"east": {"uv": [8.5, 5.5, 9, 6], "texture": "#0"},
				"west": {"uv": [8.5, 5.5, 9, 6], "texture": "#0"},
				"down": {"uv": [8.5, 5.5, 9, 6], "texture": "#0"}
			}
		},
		{
			"from": [3.5, 7.5, 11],
			"to": [6.5, 8, 11.5],
			"faces": {
				"east": {"uv": [7, 5.5, 7.5, 6], "texture": "#0"},
				"south": {"uv": [7, 5.5, 7.5, 6], "texture": "#0"},
				"west": {"uv": [7, 5.5, 7.5, 6], "texture": "#0"},
				"down": {"uv": [7, 5.5, 7.5, 6], "texture": "#0"}
			}
		},
		{
			"from": [3.5, 4, 10.5],
			"to": [6.5, 5, 13.5],
			"faces": {
				"north": {"uv": [6.5, 8.5, 9.5, 9.5], "texture": "#0"},
				"east": {"uv": [6.5, 8.5, 9.5, 9.5], "texture": "#0"},
				"south": {"uv": [6.5, 8.5, 9.5, 9.5], "texture": "#0"},
				"west": {"uv": [6.5, 8.5, 9.5, 9.5], "texture": "#0"},
				"up": {"uv": [0, 0, 3, 3], "texture": "#0"},
				"down": {"uv": [3, 0, 6, 3], "texture": "#0"}
			}
		},
		{
			"from": [6, 5, 13],
			"to": [6.75, 8, 13.75],
			"faces": {
				"north": {"uv": [9, 5.5, 10, 8.5], "texture": "#0"},
				"east": {"uv": [6, 5.5, 7, 8.5], "texture": "#0"},
				"south": {"uv": [9, 5.5, 10, 8.5], "texture": "#0"},
				"west": {"uv": [6, 5.5, 7, 8.5], "texture": "#0"},
				"up": {"uv": [6.5, 5, 7.5, 6], "rotation": 180, "texture": "#0"},
				"down": {"uv": [6.5, 8, 7.5, 9], "rotation": 180, "texture": "#0"}
			}
		},
		{
			"from": [6, 5, 10.25],
			"to": [6.75, 8, 11],
			"faces": {
				"north": {"uv": [6, 5.5, 7, 8.5], "texture": "#0"},
				"east": {"uv": [9, 5.5, 10, 8.5], "texture": "#0"},
				"south": {"uv": [6, 5.5, 7, 8.5], "texture": "#0"},
				"west": {"uv": [9, 5.5, 10, 8.5], "texture": "#0"},
				"up": {"uv": [8.5, 5, 9.5, 6], "texture": "#0"},
				"down": {"uv": [8.5, 8, 9.5, 9], "texture": "#0"}
			}
		},
		{
			"from": [3.25, 5, 10.25],
			"to": [4, 8, 11],
			"faces": {
				"north": {"uv": [9, 5.5, 10, 8.5], "texture": "#0"},
				"east": {"uv": [6, 5.5, 7, 8.5], "texture": "#0"},
				"south": {"uv": [9, 5.5, 10, 8.5], "texture": "#0"},
				"west": {"uv": [6, 5.5, 7, 8.5], "texture": "#0"},
				"up": {"uv": [6.5, 5, 7.5, 6], "texture": "#0"},
				"down": {"uv": [6.5, 8, 7.5, 9], "texture": "#0"}
			}
		},
		{
			"from": [3.25, 5, 13],
			"to": [4, 8, 13.75],
			"faces": {
				"north": {"uv": [6, 5.5, 7, 8.5], "texture": "#0"},
				"east": {"uv": [9, 5.5, 10, 8.5], "texture": "#0"},
				"south": {"uv": [6, 5.5, 7, 8.5], "texture": "#0"},
				"west": {"uv": [9, 5.5, 10, 8.5], "texture": "#0"},
				"up": {"uv": [6.5, 5, 7.5, 6], "rotation": 270, "texture": "#0"},
				"down": {"uv": [6.5, 8, 7.5, 9], "rotation": 90, "texture": "#0"}
			}
		},
		{
			"from": [4, 5, 11],
			"to": [6, 8, 13],
			"faces": {
				"north": {"uv": [7, 5.5, 9, 8.5], "texture": "#0"},
				"east": {"uv": [7, 5.5, 9, 8.5], "texture": "#0"},
				"south": {"uv": [7, 5.5, 9, 8.5], "texture": "#0"},
				"west": {"uv": [7, 5.5, 9, 8.5], "texture": "#0"}
			}
		},
		{
			"from": [3.5, 8, 10.5],
			"to": [6.5, 9, 13.5],
			"faces": {
				"north": {"uv": [6.5, 4.5, 9.5, 5.5], "texture": "#0"},
				"east": {"uv": [6.5, 4.5, 9.5, 5.5], "texture": "#0"},
				"south": {"uv": [6.5, 4.5, 9.5, 5.5], "texture": "#0"},
				"west": {"uv": [6.5, 4.5, 9.5, 5.5], "texture": "#0"},
				"up": {"uv": [0, 0, 3, 3], "texture": "#0"},
				"down": {"uv": [6.5, 4.5, 9.5, 5.5], "texture": "#0"}
			}
		},
		{
			"from": [4, 1.5, 11],
			"to": [6, 4, 13],
			"faces": {
				"north": {"uv": [7, 9.5, 9, 11.5], "texture": "#0"},
				"east": {"uv": [7, 9.5, 9, 11.5], "texture": "#0"},
				"south": {"uv": [7, 9.5, 9, 11.5], "texture": "#0"},
				"west": {"uv": [7, 9.5, 9, 11.5], "texture": "#0"}
			}
		},
		{
			"from": [9.5, 5, 11],
			"to": [12.5, 5.5, 11.5],
			"faces": {
				"east": {"uv": [7, 8, 7.5, 8.5], "texture": "#0"},
				"south": {"uv": [7, 8, 7.5, 8.5], "texture": "#0"},
				"west": {"uv": [7, 8, 7.5, 8.5], "texture": "#0"},
				"up": {"uv": [7, 8, 7.5, 8.5], "texture": "#0"}
			}
		},
		{
			"from": [9.5, 5, 12.5],
			"to": [12.5, 5.5, 13],
			"faces": {
				"north": {"uv": [8.5, 8, 9, 8.5], "texture": "#0"},
				"east": {"uv": [8.5, 8, 9, 8.5], "texture": "#0"},
				"west": {"uv": [8.5, 8, 9, 8.5], "texture": "#0"},
				"up": {"uv": [8.5, 8, 9, 8.5], "texture": "#0"}
			}
		},
		{
			"from": [10, 5, 10.5],
			"to": [10.5, 5.5, 13.5],
			"faces": {
				"north": {"uv": [8.5, 8, 9, 8.5], "texture": "#0"},
				"east": {"uv": [8.5, 8, 9, 8.5], "texture": "#0"},
				"south": {"uv": [7, 8, 7.5, 8.5], "texture": "#0"},
				"up": {"uv": [8.5, 8, 9, 8.5], "texture": "#0"}
			}
		},
		{
			"from": [11.5, 5, 10.5],
			"to": [12, 5.5, 13.5],
			"faces": {
				"north": {"uv": [7, 8, 7.5, 8.5], "texture": "#0"},
				"south": {"uv": [8.5, 8, 9, 8.5], "texture": "#0"},
				"west": {"uv": [7, 8, 7.5, 8.5], "texture": "#0"},
				"up": {"uv": [7, 8, 7.5, 8.5], "texture": "#0"}
			}
		},
		{
			"from": [11.5, 7.5, 10.5],
			"to": [12, 8, 13.5],
			"faces": {
				"north": {"uv": [7, 5.5, 7.5, 6], "texture": "#0"},
				"south": {"uv": [7, 5.5, 7.5, 6], "texture": "#0"},
				"west": {"uv": [7, 5.5, 7.5, 6], "texture": "#0"},
				"down": {"uv": [7, 5.5, 7.5, 6], "texture": "#0"}
			}
		},
		{
			"from": [10, 7.5, 10.5],
			"to": [10.5, 8, 13.5],
			"faces": {
				"north": {"uv": [8.5, 5.5, 9, 6], "texture": "#0"},
				"east": {"uv": [8.5, 5.5, 9, 6], "texture": "#0"},
				"south": {"uv": [8.5, 5.5, 9, 6], "texture": "#0"},
				"down": {"uv": [8.5, 5.5, 9, 6], "texture": "#0"}
			}
		},
		{
			"from": [9.5, 7.5, 12.5],
			"to": [12.5, 8, 13],
			"faces": {
				"north": {"uv": [8.5, 5.5, 9, 6], "texture": "#0"},
				"east": {"uv": [8.5, 5.5, 9, 6], "texture": "#0"},
				"west": {"uv": [8.5, 5.5, 9, 6], "texture": "#0"},
				"down": {"uv": [8.5, 5.5, 9, 6], "texture": "#0"}
			}
		},
		{
			"from": [9.5, 7.5, 11],
			"to": [12.5, 8, 11.5],
			"faces": {
				"east": {"uv": [7, 5.5, 7.5, 6], "texture": "#0"},
				"south": {"uv": [7, 5.5, 7.5, 6], "texture": "#0"},
				"west": {"uv": [7, 5.5, 7.5, 6], "texture": "#0"},
				"down": {"uv": [7, 5.5, 7.5, 6], "texture": "#0"}
			}
		},
		{
			"from": [9.5, 4, 10.5],
			"to": [12.5, 5, 13.5],
			"faces": {
				"north": {"uv": [6.5, 8.5, 9.5, 9.5], "texture": "#0"},
				"east": {"uv": [6.5, 8.5, 9.5, 9.5], "texture": "#0"},
				"south": {"uv": [6.5, 8.5, 9.5, 9.5], "texture": "#0"},
				"west": {"uv": [6.5, 8.5, 9.5, 9.5], "texture": "#0"},
				"up": {"uv": [0, 0, 3, 3], "texture": "#0"},
				"down": {"uv": [3, 0, 6, 3], "texture": "#0"}
			}
		},
		{
			"from": [12, 5, 13],
			"to": [12.75, 8, 13.75],
			"faces": {
				"north": {"uv": [9, 5.5, 10, 8.5], "texture": "#0"},
				"east": {"uv": [6, 5.5, 7, 8.5], "texture": "#0"},
				"south": {"uv": [9, 5.5, 10, 8.5], "texture": "#0"},
				"west": {"uv": [6, 5.5, 7, 8.5], "texture": "#0"},
				"up": {"uv": [6.5, 5, 7.5, 6], "rotation": 180, "texture": "#0"},
				"down": {"uv": [6.5, 8, 7.5, 9], "rotation": 180, "texture": "#0"}
			}
		},
		{
			"from": [12, 5, 10.25],
			"to": [12.75, 8, 11],
			"faces": {
				"north": {"uv": [6, 5.5, 7, 8.5], "texture": "#0"},
				"east": {"uv": [9, 5.5, 10, 8.5], "texture": "#0"},
				"south": {"uv": [6, 5.5, 7, 8.5], "texture": "#0"},
				"west": {"uv": [9, 5.5, 10, 8.5], "texture": "#0"},
				"up": {"uv": [8.5, 5, 9.5, 6], "texture": "#0"},
				"down": {"uv": [8.5, 8, 9.5, 9], "texture": "#0"}
			}
		},
		{
			"from": [9.25, 5, 10.25],
			"to": [10, 8, 11],
			"faces": {
				"north": {"uv": [9, 5.5, 10, 8.5], "texture": "#0"},
				"east": {"uv": [6, 5.5, 7, 8.5], "texture": "#0"},
				"south": {"uv": [9, 5.5, 10, 8.5], "texture": "#0"},
				"west": {"uv": [6, 5.5, 7, 8.5], "texture": "#0"},
				"up": {"uv": [6.5, 5, 7.5, 6], "texture": "#0"},
				"down": {"uv": [6.5, 8, 7.5, 9], "texture": "#0"}
			}
		},
		{
			"from": [9.25, 5, 13],
			"to": [10, 8, 13.75],
			"faces": {
				"north": {"uv": [6, 5.5, 7, 8.5], "texture": "#0"},
				"east": {"uv": [9, 5.5, 10, 8.5], "texture": "#0"},
				"south": {"uv": [6, 5.5, 7, 8.5], "texture": "#0"},
				"west": {"uv": [9, 5.5, 10, 8.5], "texture": "#0"},
				"up": {"uv": [6.5, 5, 7.5, 6], "rotation": 270, "texture": "#0"},
				"down": {"uv": [6.5, 8, 7.5, 9], "rotation": 90, "texture": "#0"}
			}
		},
		{
			"from": [10, 5, 11],
			"to": [12, 8, 13],
			"faces": {
				"north": {"uv": [7, 5.5, 9, 8.5], "texture": "#0"},
				"east": {"uv": [7, 5.5, 9, 8.5], "texture": "#0"},
				"south": {"uv": [7, 5.5, 9, 8.5], "texture": "#0"},
				"west": {"uv": [7, 5.5, 9, 8.5], "texture": "#0"}
			}
		},
		{
			"from": [9.5, 8, 10.5],
			"to": [12.5, 9, 13.5],
			"faces": {
				"north": {"uv": [6.5, 4.5, 9.5, 5.5], "texture": "#0"},
				"east": {"uv": [6.5, 4.5, 9.5, 5.5], "texture": "#0"},
				"south": {"uv": [6.5, 4.5, 9.5, 5.5], "texture": "#0"},
				"west": {"uv": [6.5, 4.5, 9.5, 5.5], "texture": "#0"},
				"up": {"uv": [0, 0, 3, 3], "texture": "#0"},
				"down": {"uv": [6.5, 4.5, 9.5, 5.5], "texture": "#0"}
			}
		},
		{
			"from": [10, 1.5, 11],
			"to": [12, 4, 13],
			"faces": {
				"north": {"uv": [7, 9.5, 9, 11.5], "texture": "#0"},
				"east": {"uv": [7, 9.5, 9, 11.5], "texture": "#0"},
				"south": {"uv": [7, 9.5, 9, 11.5], "texture": "#0"},
				"west": {"uv": [7, 9.5, 9, 11.5], "texture": "#0"}
			}
		}
	],
	"display": {
		"thirdperson_righthand": {
			"translation": [0, 3, 1],
			"scale": [0.55, 0.55, 0.55]
		},
		"thirdperson_lefthand": {
			"translation": [0, 3, 1],
			"scale": [0.55, 0.55, 0.55]
		},
		"firstperson_righthand": {
			"rotation": [0, -90, 25],
			"translation": [1.13, 3.2, 1.13],
			"scale": [0.68, 0.68, 0.68]
		},
		"firstperson_lefthand": {
			"rotation": [0, -90, 25],
			"translation": [1.13, 3.2, 1.13],
			"scale": [0.68, 0.68, 0.68]
		},
		"ground": {
			"translation": [0, 2, 0],
			"scale": [0.5, 0.5, 0.5]
		},
		"head": {
			"rotation": [0, 180, 0],
			"translation": [0, 13, 7]
		},
		"fixed": {
			"rotation": [0, 180, 0]
		}
	}
}