{ "multipart": [
    { "when": { "OR": [
        { "north": false, "east": false, "south": false, "west": false },
        { "north": true, "east": false, "south": false, "west": false },
        { "north": false, "east": true, "south": false, "west": false },
        { "north": false, "east": false, "south": true, "west": false },
        { "north": false, "east": false, "south": false, "west": true },
        { "north": true, "east": true, "south": false, "west": false },
        { "north": false, "east": true, "south": true, "west": false },
        { "north": false, "east": false, "south": true, "west": true },
        { "north": true, "east": false, "south": false, "west": true },
        { "north": true, "east": true, "south": true, "west": false },
        { "north": true, "east": true, "south": false, "west": true },
        { "north": true, "east": false, "south": true, "west": true },
        { "north": false, "east": true, "south": true, "west": true },
        { "north": true, "east": true, "south": true, "west": true }
      ]},
      "apply": [
        { "model": "block/andesite_wall_post" },
        { "model": "block/andesite_wall_post", "y": 90 },
        { "model": "block/andesite_wall_post", "y": 180 },
        { "model": "block/andesite_wall_post", "y": 270 }
      ]
    },
    { "when": { "north": true, "east": false, "south": true, "west": false },
      "apply": { "model": "block/andesite_wall_railing" }
    },
    { "when": { "north": false, "east": true, "south": false, "west": true },
      "apply": { "model": "block/andesite_wall_railing", "y": 90 }
    },
    { "when": { "OR": [
        { "north": true, "east": false, "south": false, "west": false },
        { "north": true, "east": true },
        { "north": true, "west": true }
      ]},
      "apply": { "model": "block/andesite_wall_side_ne" }
    },
    { "when": { "OR": [
        { "north": false, "east": true, "south": false, "west": false },
        { "east": true, "north": true },
        { "east": true, "south": true }
      ]},
      "apply": { "model": "block/andesite_wall_side_ne", "y": 90 }
    },
    { "when": { "OR": [
        { "north": false, "east": false, "south": true, "west": false },
        { "south": true, "east": true },
        { "south": true, "west": true }
      ]},
      "apply": { "model": "block/andesite_wall_side_sw" }
    },
    { "when": { "OR": [
        { "north": false, "east": false, "south": false, "west": true },
        { "west": true, "north": true },
        { "west": true, "south": true }
      ]},
      "apply": { "model": "block/andesite_wall_side_sw", "y": 90 }
    }
  ]
}