{ "textures": {
    "0": "block/andesite_wall"
  },
  "elements": [
    { "from": [5, 15, 0],
      "to": [11, 16, 4],
      "faces": {
        "north": {"uv": [2.25, 10.25, 5.25, 10.75], "texture": "#0", "cullface": "north"},
        "east": {"uv": [2, 10.25, 0, 10.75], "texture": "#0"},
        "west": {"uv": [0, 10.25, 2, 10.75], "texture": "#0"},
        "up": {"uv": [2, 7.25, 0, 10.25], "rotation": 270, "texture": "#0"},
        "down": {"uv": [8, 8, 10, 11], "rotation": 270, "texture": "#0"}
      }
    },
    { "from": [5.5, 14.5, 0],
      "to": [10.5, 15, 4.5],
      "faces": {
        "north": {"uv": [2.25, 10.75, 5.25, 11], "texture": "#0", "cullface": "north"},
        "east": {"uv": [2.25, 10.75, 0, 11], "texture": "#0"},
        "west": {"uv": [0, 10.75, 2.25, 11], "texture": "#0"},
        "down": {"uv": [8, 8.25, 10.25, 10.75], "rotation": 270, "texture": "#0"}
      }
    },
    { "from": [6, 2.5, 2],
      "to": [10, 12.5, 5],
      "faces": {
        "north": {"uv": [5.5, 1, 3.5, 6], "texture": "#0"},
        "east": {"uv": [2, 1, 0.5, 6], "texture": "#0"},
        "west": {"uv": [2.5, 1, 1, 6], "texture": "#0"}
      }
    },
    { "from": [5.5, 2, 1.5],
      "to": [10.5, 2.5, 4],
      "faces": {
        "north": {"uv": [5.75, 6, 3.25, 6.25], "texture": "#0"},
        "east": {"uv": [1.5, 6, 0.25, 6.25], "texture": "#0"},
        "west": {"uv": [2.75, 6, 1.5, 6.25], "texture": "#0"},
        "up": {"uv": [6.25, 14.5, 8.75, 13.25], "rotation": 180, "texture": "#0"}
      }
    },
    { "from": [5, 0, 1],
      "to": [11, 2, 4],
      "faces": {
        "north": {"uv": [6, 6.25, 3, 7.25], "texture": "#0"},
        "east": {"uv": [1.5, 6.25, 0, 7.25], "texture": "#0"},
        "west": {"uv": [3, 6.25, 1.5, 7.25], "texture": "#0"},
        "up": {"uv": [0, 14.5, 3, 13], "rotation": 180, "texture": "#0"},
        "down": {"uv": [3, 16, 6, 14.5], "rotation": 180, "texture": "#0"}
      }
    },
    { "from": [5.5, 4, 1.5],
      "to": [10.5, 4.5, 5],
      "faces": {
        "north": {"uv": [5.75, 5, 3.25, 5.25], "texture": "#0"},
        "east": {"uv": [2, 5, 0.25, 5.25], "texture": "#0"},
        "west": {"uv": [2.75, 5, 1, 5.25], "texture": "#0"},
        "down": {"uv": [6.25, 15.75, 8.75, 13.25], "rotation": 180, "texture": "#0"}
      }
    },
    { "from": [5, 4.5, 1],
      "to": [11, 7.5, 5],
      "faces": {
        "north": {"uv": [6, 3.5, 3, 5], "texture": "#0"},
        "east": {"uv": [2, 3.5, 0, 5], "texture": "#0"},
        "west": {"uv": [3, 3.5, 1, 5], "texture": "#0"},
        "up": {"uv": [0, 15, 3, 13], "rotation": 180, "texture": "#0"},
        "down": {"uv": [6, 16, 9, 14], "rotation": 180, "texture": "#0"}
      }
    },
    { "from": [5.5, 12.5, 1.5],
      "to": [10.5, 14.5, 5],
      "faces": {
        "north": {"uv": [5.75, 0, 3.25, 1], "texture": "#0"},
        "east": {"uv": [2, 0, 0.25, 1], "texture": "#0"},
        "west": {"uv": [2.75, 0, 1, 1], "texture": "#0"},
        "down": {"uv": [6.25, 15.75, 8.75, 14], "rotation": 180, "texture": "#0"}
      }
    }
  ]
}