{
	"credit": "Made by Joanarr with Blockbench",
	"parent": "block/block",
	"textures": {
		"0": "block/beacon",
		"1": "block/beacon_glass_side",
		"2": "block/beacon_obsidian",
		"3": "block/beacon_glass_top",
		"particle": "block/beacon_glass_side"
	},
	"elements": [
		{
			"from": [0, 0, 13.5],
			"to": [2.5, 16, 16],
			"faces": {
				"north": {"uv": [16, 0, 13.5, 16], "texture": "#1"},
				"east": {"uv": [2.5, 0, 0, 16], "texture": "#1"},
				"south": {"uv": [0, 0, 2.5, 16], "texture": "#1", "cullface": "south"},
				"west": {"uv": [13.5, 0, 16, 16], "texture": "#1", "cullface": "west"},
				"up": {"uv": [0, 13.5, 2.5, 16], "texture": "#3", "cullface": "up"},
				"down": {"uv": [0, 0, 2.5, 2.5], "texture": "#1", "cullface": "down"}
			}
		},
		{
			"from": [13.5, 0, 13.5],
			"to": [16, 16, 16],
			"faces": {
				"north": {"uv": [2.5, 0, 0, 16], "texture": "#1"},
				"east": {"uv": [0, 0, 2.5, 16], "texture": "#1", "cullface": "east"},
				"south": {"uv": [13.5, 0, 16, 16], "texture": "#1", "cullface": "south"},
				"west": {"uv": [16, 0, 13.5, 16], "texture": "#1"},
				"up": {"uv": [13.5, 13.5, 16, 16], "texture": "#3", "cullface": "up"},
				"down": {"uv": [0, 0, 2.5, 2.5], "rotation": 90, "texture": "#1", "cullface": "down"}
			}
		},
		{
			"from": [13.5, 0, 0],
			"to": [16, 16, 2.5],
			"faces": {
				"north": {"uv": [0, 0, 2.5, 16], "texture": "#1", "cullface": "north"},
				"east": {"uv": [13.5, 0, 16, 16], "texture": "#1", "cullface": "east"},
				"south": {"uv": [16, 0, 13.5, 16], "texture": "#1"},
				"west": {"uv": [2.5, 0, 0, 16], "texture": "#1"},
				"up": {"uv": [13.5, 0, 16, 2.5], "texture": "#3", "cullface": "up"},
				"down": {"uv": [0, 0, 2.5, 2.5], "rotation": 180, "texture": "#1", "cullface": "down"}
			}
		},
		{
			"from": [0, 0, 0],
			"to": [2.5, 16, 2.5],
			"faces": {
				"north": {"uv": [13.5, 0, 16, 16], "texture": "#1", "cullface": "north"},
				"east": {"uv": [16, 0, 13.5, 16], "texture": "#1"},
				"south": {"uv": [2.5, 0, 0, 16], "texture": "#1"},
				"west": {"uv": [0, 0, 2.5, 16], "texture": "#1", "cullface": "west"},
				"up": {"uv": [0, 0, 2.5, 2.5], "texture": "#3", "cullface": "up"},
				"down": {"uv": [0, 0, 2.5, 2.5], "rotation": 270, "texture": "#1", "cullface": "down"}
			}
		},
		{
			"from": [2.5, 0, 0],
			"to": [13.5, 2.5, 2.5],
			"faces": {
				"north": {"uv": [2.5, 13.5, 13.5, 16], "texture": "#1", "cullface": "north"},
				"south": {"uv": [2.5, 13.5, 13.5, 16], "rotation": 180, "texture": "#1"},
				"up": {"uv": [2.5, 13.5, 13.5, 16], "texture": "#1"},
				"down": {"uv": [2.5, 13.5, 13.5, 16], "texture": "#1", "cullface": "down"}
			}
		},
		{
			"from": [0, 0, 2.5],
			"to": [2.5, 2.5, 13.5],
			"faces": {
				"east": {"uv": [2.5, 13.5, 13.5, 16], "rotation": 180, "texture": "#1"},
				"west": {"uv": [2.5, 13.5, 13.5, 16], "texture": "#1", "cullface": "west"},
				"up": {"uv": [2.5, 13.5, 13.5, 16], "rotation": 270, "texture": "#1"},
				"down": {"uv": [2.5, 13.5, 13.5, 16], "rotation": 90, "texture": "#1", "cullface": "down"}
			}
		},
		{
			"from": [2.5, 0, 13.5],
			"to": [13.5, 2.5, 16],
			"faces": {
				"north": {"uv": [2.5, 13.5, 13.5, 16], "rotation": 180, "texture": "#1"},
				"south": {"uv": [2.5, 13.5, 13.5, 16], "texture": "#1", "cullface": "south"},
				"up": {"uv": [2.5, 13.5, 13.5, 16], "rotation": 180, "texture": "#1"},
				"down": {"uv": [2.5, 13.5, 13.5, 16], "rotation": 180, "texture": "#1", "cullface": "down"}
			}
		},
		{
			"from": [13.5, 0, 2.5],
			"to": [16, 2.5, 13.5],
			"faces": {
				"east": {"uv": [2.5, 13.5, 13.5, 16], "texture": "#1", "cullface": "east"},
				"west": {"uv": [2.5, 13.5, 13.5, 16], "rotation": 180, "texture": "#1"},
				"up": {"uv": [2.5, 13.5, 13.5, 16], "rotation": 90, "texture": "#1"},
				"down": {"uv": [2.5, 13.5, 13.5, 16], "rotation": 270, "texture": "#1", "cullface": "down"}
			}
		},
		{
			"from": [2.5, 13.5, 0],
			"to": [13.5, 16, 2.5],
			"faces": {
				"north": {"uv": [2.5, 0, 13.5, 2.5], "texture": "#1", "cullface": "north"},
				"south": {"uv": [2.5, 0, 13.5, 2.5], "rotation": 180, "texture": "#1"},
				"up": {"uv": [2.5, 0, 13.5, 2.5], "texture": "#3", "cullface": "up"},
				"down": {"uv": [2.5, 0, 13.5, 2.5], "texture": "#1"}
			}
		},
		{
			"from": [0, 13.5, 2.5],
			"to": [2.5, 16, 13.5],
			"faces": {
				"east": {"uv": [2.5, 0, 13.5, 2.5], "rotation": 180, "texture": "#1"},
				"west": {"uv": [2.5, 0, 13.5, 2.5], "texture": "#1", "cullface": "west"},
				"up": {"uv": [0, 2.5, 2.5, 13.5], "texture": "#3", "cullface": "up"},
				"down": {"uv": [2.5, 0, 13.5, 2.5], "rotation": 90, "texture": "#1"}
			}
		},
		{
			"from": [2.5, 13.5, 13.5],
			"to": [13.5, 16, 16],
			"faces": {
				"north": {"uv": [2.5, 13.5, 13.5, 16], "texture": "#1"},
				"south": {"uv": [2.5, 0, 13.5, 2.5], "texture": "#1", "cullface": "south"},
				"up": {"uv": [2.5, 13.5, 13.5, 16], "texture": "#3", "cullface": "up"},
				"down": {"uv": [2.5, 0, 13.5, 2.5], "rotation": 180, "texture": "#1"}
			}
		},
		{
			"from": [13.5, 13.5, 2.5],
			"to": [16, 16, 13.5],
			"faces": {
				"east": {"uv": [2.5, 0, 13.5, 2.5], "texture": "#1", "cullface": "east"},
				"west": {"uv": [2.5, 0, 13.5, 2.5], "rotation": 180, "texture": "#1"},
				"up": {"uv": [13.5, 2.5, 16, 13.5], "texture": "#3", "cullface": "up"},
				"down": {"uv": [2.5, 0, 13.5, 2.5], "rotation": 270, "texture": "#1"}
			}
		},
		{
			"name": "octagon",
			"from": [5.30761, 0.999, 1.5],
			"to": [10.69239, 4.499, 14.5],
			"rotation": {"angle": 45, "axis": "y", "origin": [8, 2.8125, 8]},
			"faces": {
				"north": {"uv": [3.5, 12.5, 9, 16], "texture": "#2"},
				"south": {"uv": [3.5, 12.5, 9, 16], "texture": "#2"},
				"up": {"uv": [3.5, 0, 9, 12.5], "rotation": 180, "texture": "#2"},
				"down": {"uv": [3.5, 0, 9, 12.5], "texture": "#2"}
			}
		},
		{
			"name": "octagon",
			"from": [5.30761, 1.001, 1.5],
			"to": [10.69239, 4.501, 14.5],
			"faces": {
				"north": {"uv": [3.5, 12.5, 9, 16], "texture": "#2"},
				"south": {"uv": [3.5, 12.5, 9, 16], "texture": "#2"},
				"up": {"uv": [3.5, 0, 9, 12.5], "texture": "#2"},
				"down": {"uv": [3.5, 0, 9, 12.5], "texture": "#2"}
			}
		},
		{
			"name": "octagon",
			"from": [1.5, 1, 5.30761],
			"to": [14.5, 4.5, 10.69239],
			"rotation": {"angle": 45, "axis": "y", "origin": [8, 2.8125, 8]},
			"faces": {
				"east": {"uv": [3.5, 12.5, 9, 16], "texture": "#2"},
				"west": {"uv": [3.5, 12.5, 9, 16], "texture": "#2"},
				"up": {"uv": [3.5, 0, 9, 12.5], "rotation": 90, "texture": "#2"},
				"down": {"uv": [3.5, 0, 9, 12.5], "rotation": 90, "texture": "#2"}
			}
		},
		{
			"name": "octagon",
			"from": [1.5, 1.001, 5.30761],
			"to": [14.5, 4.501, 10.69239],
			"faces": {
				"east": {"uv": [3.5, 12.5, 9, 16], "texture": "#2"},
				"west": {"uv": [3.5, 12.5, 9, 16], "texture": "#2"},
				"up": {"uv": [3.5, 0, 9, 12.5], "rotation": 90, "texture": "#2"},
				"down": {"uv": [3.5, 0, 9, 12.5], "rotation": 90, "texture": "#2"}
			}
		},
		{
			"name": "core",
			"from": [4, 4.5, 4],
			"to": [12, 13.5, 12],
			"rotation": {"angle": 45, "axis": "y", "origin": [8, 9, 8]},
			"faces": {
				"north": {"uv": [11.5, 0, 16, 5], "texture": "#0"},
				"east": {"uv": [11.5, 0, 16, 5], "texture": "#0"},
				"south": {"uv": [11.5, 0, 16, 5], "texture": "#0"},
				"west": {"uv": [11.5, 0, 16, 5], "texture": "#0"},
				"up": {"uv": [7, 0, 11.5, 4.5], "texture": "#0"}
			}
		},
		{
			"name": "glass",
			"from": [0.5, 0.5, 0.5],
			"to": [15.5, 15.5, 15.5],
			"faces": {
				"north": {"uv": [0.5, 0.5, 15.5, 15.5], "texture": "#1"},
				"east": {"uv": [0.5, 0.5, 15.5, 15.5], "texture": "#1"},
				"south": {"uv": [0.5, 0.5, 15.5, 15.5], "texture": "#1"},
				"west": {"uv": [0.5, 0.5, 15.5, 15.5], "rotation": 180, "texture": "#1"},
				"up": {"uv": [0.5, 0.5, 15.5, 15.5], "rotation": 90, "texture": "#3"},
				"down": {"uv": [0.5, 0.5, 15.5, 15.5], "rotation": 90, "texture": "#3"}
			}
		}
	],
	"groups": [
		{
			"name": "glass frame",
			"children": [0, 1, 2, 3, 4, 5, 6, 7, 8, 9, 10, 11]
		},
		{
			"name": "octagon",
			"children": [12, 13, 14, 15]
		}, 16, 17]
}