{ "parent": "block/block",
  "textures": {
    "0": "block/enchanting_table_side",
    "1": "block/enchanting_table_top",
    "2": "block/enchanting_table_bottom",
    "particle": "block/enchanting_table_side"
  },
  "elements": [
    {
      "from": [0, 0, 0],
      "to": [16, 7.5, 16],
      "faces": {
        "north": {"uv": [0.016, 8.516, 15.984, 15.984], "texture": "#0"},
        "east": {"uv": [0.016, 8.516, 15.984, 15.984], "texture": "#0"},
        "south": {"uv": [0.016, 8.516, 15.984, 15.984], "texture": "#0"},
        "west": {"uv": [0.016, 8.516, 15.984, 15.984], "texture": "#0"},
        "up": {"uv": [0.016, 0.016, 15.984, 15.984], "texture": "#2"},
        "down": {"uv": [0.016, 0.016, 15.984, 15.984], "texture": "#2"}
      }
    },
    {
      "from": [0.5, 7.5, 0.5],
      "to": [15.5, 8.5, 15.5],
      "faces": {
        "north": {"uv": [0.516, 7.516, 15.484, 8.484], "texture": "#0"},
        "east": {"uv": [0.516, 7.516, 15.484, 8.484], "texture": "#0"},
        "south": {"uv": [0.516, 7.516, 15.484, 8.484], "texture": "#0"},
        "west": {"uv": [0.516, 7.516, 15.484, 8.484], "texture": "#0"}
      }
    },
    {
      "from": [0, 8.5, 0],
      "to": [16, 11.5, 16],
      "faces": {
        "north": {"uv": [0.01563, 4.51563, 15.98313, 6.98313], "texture": "#0"},
        "east": {"uv": [0.016, 4.516, 15.984, 6.984], "texture": "#0"},
        "south": {"uv": [0.01563, 4.51563, 15.98313, 6.98313], "texture": "#0"},
        "west": {"uv": [0.01563, 4.51563, 15.98313, 6.98313], "texture": "#0"},
        "up": {"uv": [0.016, 0.016, 15.984, 15.984], "texture": "#1"},
        "down": {"uv": [0.016, 0.016, 15.984, 15.984], "texture": "#2"}
      }
    },
    {
      "from": [0, 11.5, 0],
      "to": [13, 12, 3],
      "faces": {
        "north": {"uv": [3.016, 4.016, 15.984, 4.484], "texture": "#0"},
        "south": {"uv": [0.016, 4.016, 12.984, 4.484], "texture": "#0"},
        "west": {"uv": [0.016, 4.016, 2.984, 4.484], "texture": "#0"},
        "up": {"uv": [0.016, 0.016, 12.984, 2.984], "texture": "#1"}
      }
    },
    {
      "from": [13, 11.5, 0],
      "to": [16, 12, 13],
      "faces": {
        "north": {"uv": [0.016, 4.016, 2.984, 4.484], "texture": "#0"},
        "east": {"uv": [3.016, 4.016, 15.984, 4.484], "texture": "#0"},
        "west": {"uv": [0.016, 4.016, 12.984, 4.484], "texture": "#0"},
        "up": {"uv": [13.016, 0.016, 15.984, 12.984], "texture": "#1"}
      }
    },
    {
      "from": [3, 11.5, 13],
      "to": [16, 12, 16],
      "faces": {
        "north": {"uv": [0.016, 4.016, 12.984, 4.484], "texture": "#0"},
        "east": {"uv": [0.016, 4.016, 2.984, 4.484], "texture": "#0"},
        "south": {"uv": [3.016, 4.016, 15.984, 4.484], "texture": "#0"},
        "up": {"uv": [3.016, 13.016, 15.984, 15.984], "texture": "#1"}
      }
    },
    {
      "from": [0, 11.5, 3],
      "to": [3, 12, 16],
      "faces": {
        "east": {"uv": [0.016, 4.016, 12.984, 4.484], "texture": "#0"},
        "south": {"uv": [0.016, 4.016, 2.984, 4.484], "texture": "#0"},
        "west": {"uv": [3.016, 4.016, 15.984, 4.484], "texture": "#0"},
        "up": {"uv": [0.016, 3.016, 2.984, 15.984], "texture": "#1"}
      }
    }
  ]
}