{ "parent": "block/block",
  "ambientocclusion": false,
  "textures": {
      "particle": "#texture"
  },
  "elements": [
    {
      "name": "Left post",
      "from": [6, 0, 0],
      "to": [10, 16, 4],
      "faces": {
        "north": {"uv": [0, 0, 4, 16], "texture": "#texture"},
        "east": {"uv": [0, 0, 4, 16], "texture": "#texture"},
        "south": {"uv": [0, 0, 4, 16], "texture": "#texture"},
        "west": {"uv": [0, 0, 4, 16], "texture": "#texture"},
        "up": {"uv": [4, 0, 8, 4], "texture": "#texture"},
        "down": {"uv": [4, 0, 8, 4], "texture": "#texture", "cullface": "down"}
      }
    },
    {
      "name": "Right post",
      "from": [6, 0, 12],
      "to": [10, 16, 16],
      "faces": {
        "north": {"uv": [0, 0, 4, 16], "texture": "#texture"},
        "east": {"uv": [0, 0, 4, 16], "texture": "#texture"},
        "south": {"uv": [0, 0, 4, 16], "texture": "#texture"},
        "west": {"uv": [0, 0, 4, 16], "texture": "#texture"},
        "up": {"uv": [4, 0, 8, 4], "texture": "#texture"},
        "down": {"uv": [4, 0, 8, 4], "texture": "#texture", "cullface": "down"}
      }
    },
    {
      "name": "Top bar",
      "from": [7, 13, -2],
      "to": [9, 15, 18],
      "faces": {
        "north": {"uv": [12, 0, 14, 2], "texture": "#texture"},
        "east": {"uv": [4, 7, 16, 9], "texture": "#texture"},
        "south": {"uv": [12, 0, 14, 2], "texture": "#texture"},
        "west": {"uv": [4, 7, 16, 9], "texture": "#texture"},
        "up": {"uv": [4, 7, 16, 9], "rotation": 90, "texture": "#texture"},
        "down": {"uv": [4, 7, 16, 9], "rotation": 90, "texture": "#texture"}
      }
    },
    {
      "name": "Lower bar",
      "from": [7, 5, -2],
      "to": [9, 7, 18],
      "faces": {
        "north": {"uv": [12, 0, 14, 2], "texture": "#texture"},
        "east": {"uv": [4, 7, 16, 9], "texture": "#texture"},
        "south": {"uv": [12, 0, 14, 2], "texture": "#texture"},
        "west": {"uv": [4, 7, 16, 9], "texture": "#texture"},
        "up": {"uv": [4, 7, 16, 9], "rotation": 90, "texture": "#texture"},
        "down": {"uv": [4, 7, 16, 9], "rotation": 90, "texture": "#texture"}
      }
    }
  ],
  "display": {
    "gui": {
      "rotation": [30, 135, 0],
      "scale": [0.625, 0.625, 0.625]
    },
    "fixed": {
      "rotation": [0, 90, 0],
      "scale": [0.5, 0.5, 0.5]
    }
  }
}