{
	"credit": "Made by SuperMoris using Blockbench",
"ambientocclusion": false,
	"textures": {
		"0": "blocks/wheat_stage_7",
		"particle": "blocks/wheat_particle"
	},
	"elements": [
		{
			"from": [4, -1, -1],
			"to": [4, 22.625, 17],
			"faces": {
				"north": {"uv": [0, 0, 0, 16], "texture": "#0"},
				"east": {"uv": [0, 0, 8, 10.5], "texture": "#0"},
				"south": {"uv": [0, 0, 0, 16], "texture": "#0"},
				"west": {"uv": [0, 0, 8, 10.5], "texture": "#0"},
				"up": {"uv": [0, 0, 0, 16], "texture": "#0"},
				"down": {"uv": [0, 0, 0, 16], "texture": "#0"}
			}
		},
		{
			"from": [8, -1, 0],
			"to": [8, 20, 16],
			"faces": {
				"north": {"uv": [0, 0, 0, 16], "texture": "#0"},
				"east": {"uv": [0, 0, 8, 10.5], "texture": "#0"},
				"south": {"uv": [0, 0, 0, 16], "texture": "#0"},
				"west": {"uv": [0, 0, 8, 10.5], "texture": "#0"},
				"up": {"uv": [0, 0, 0, 16], "texture": "#0"},
				"down": {"uv": [0, 0, 0, 16], "texture": "#0"}
			}
		},
		{
			"from": [0, -1, 7],
			"to": [16, 20, 7],
			"faces": {
				"north": {"uv": [0, 0, 8, 10.5], "texture": "#0"},
				"east": {"uv": [0, 0, 0, 16], "texture": "#0"},
				"south": {"uv": [0, 0, 8, 10.5], "texture": "#0"},
				"west": {"uv": [0, 0, 0, 16], "texture": "#0"},
				"up": {"uv": [0, 0, 16, 0], "texture": "#0"},
				"down": {"uv": [0, 0, 16, 0], "texture": "#0"}
			}
		},
		{
			"from": [0, -1, 9],
			"to": [16, 20, 9],
			"rotation": {"angle": -45, "axis": "y", "origin": [8, 9.5, 8]},
			"faces": {
				"north": {"uv": [0, 0, 8, 10.5], "texture": "#0"},
				"east": {"uv": [0, 0, 0, 16], "texture": "#0"},
				"south": {"uv": [0, 0, 8, 10.5], "texture": "#0"},
				"west": {"uv": [0, 0, 0, 16], "texture": "#0"},
				"up": {"uv": [0, 0, 16, 0], "texture": "#0"},
				"down": {"uv": [0, 0, 16, 0], "texture": "#0"}
			}
		},
		{
			"from": [10, -1, -1],
			"to": [10, 22.625, 17],
			"faces": {
				"north": {"uv": [0, 0, 0, 16], "texture": "#0"},
				"east": {"uv": [0, 0, 8, 10.5], "texture": "#0"},
				"south": {"uv": [0, 0, 0, 16], "texture": "#0"},
				"west": {"uv": [0, 0, 8, 10.5], "texture": "#0"},
				"up": {"uv": [0, 0, 0, 16], "texture": "#0"},
				"down": {"uv": [0, 0, 0, 16], "texture": "#0"}
			}
		},
		{
			"from": [-1, -1, 10],
			"to": [17, 22.625, 10],
			"faces": {
				"north": {"uv": [0, 0, 8, 10.5], "texture": "#0"},
				"east": {"uv": [0, 0, 0, 16], "texture": "#0"},
				"south": {"uv": [0, 0, 8, 10.5], "texture": "#0"},
				"west": {"uv": [0, 0, 0, 16], "texture": "#0"},
				"up": {"uv": [0, 0, 16, 0], "texture": "#0"},
				"down": {"uv": [0, 0, 16, 0], "texture": "#0"}
			}
		},
		{
			"from": [6, -1, -1],
			"to": [6, 22.265, 17],
			"rotation": {"angle": -45, "axis": "y", "origin": [8, 12, 8]},
			"faces": {
				"north": {"uv": [0, 0, 0, 16], "texture": "#0"},
				"east": {"uv": [0, 0, 8, 10.5], "texture": "#0"},
				"south": {"uv": [0, 0, 0, 16], "texture": "#0"},
				"west": {"uv": [0, 0, 8, 10.5], "texture": "#0"},
				"up": {"uv": [0, 0, 0, 16], "texture": "#0"},
				"down": {"uv": [0, 0, 0, 16], "texture": "#0"}
			}
		},
		{
			"from": [-2, -1, 3],
			"to": [14, 20, 3],
			"faces": {
				"north": {"uv": [0, 0, 8, 10.5], "texture": "#0"},
				"east": {"uv": [0, 0, 0, 16], "texture": "#0"},
				"south": {"uv": [0, 0, 8, 10.5], "texture": "#0"},
				"west": {"uv": [0, 0, 0, 16], "texture": "#0"},
				"up": {"uv": [0, 0, 16, 0], "texture": "#0"},
				"down": {"uv": [0, 0, 16, 0], "texture": "#0"}
			}
		},
		{
			"from": [0, -1, 13],
			"to": [16, 20, 13],
			"faces": {
				"north": {"uv": [0, 0, 8, 10.5], "texture": "#0"},
				"east": {"uv": [0, 0, 0, 16], "texture": "#0"},
				"south": {"uv": [0, 0, 8, 10.5], "texture": "#0"},
				"west": {"uv": [0, 0, 0, 16], "texture": "#0"},
				"up": {"uv": [0, 0, 16, 0], "texture": "#0"},
				"down": {"uv": [0, 0, 16, 0], "texture": "#0"}
			}
		},
		{
			"from": [15, -1, 0],
			"to": [15, 20, 16],
			"faces": {
				"north": {"uv": [0, 0, 0, 16], "texture": "#0"},
				"east": {"uv": [0, 0, 8, 10.5], "texture": "#0"},
				"south": {"uv": [0, 0, 0, 16], "texture": "#0"},
				"west": {"uv": [0, 0, 8, 10.5], "texture": "#0"},
				"up": {"uv": [0, 0, 0, 16], "texture": "#0"},
				"down": {"uv": [0, 0, 0, 16], "texture": "#0"}
			}
		},
		{
			"from": [13, -1, -2],
			"to": [13, 22.625, 16],
			"rotation": {"angle": -45, "axis": "y", "origin": [8, 12, 8]},
			"faces": {
				"north": {"uv": [0, 0, 0, 16], "texture": "#0"},
				"east": {"uv": [0, 0, 8, 10.5], "texture": "#0"},
				"south": {"uv": [0, 0, 0, 16], "texture": "#0"},
				"west": {"uv": [0, 0, 8, 10.5], "texture": "#0"},
				"up": {"uv": [0, 0, 0, 16], "texture": "#0"},
				"down": {"uv": [0, 0, 0, 16], "texture": "#0"}
			}
		}
	],
	"groups": [
		{
			"name": "2",
			"children": [
				{
					"name": "2",
					"children": [
						{
							"name": "2",
							"children": [
								{
									"name": "0",
									"children": [
										{
											"name": "wheat_stage7",
											"children": [0, 1, 2, 3, 4, 5, 6, 7, 8, 9, 10]
										}
									]
								}
							]
						}
					]
				}
			]
		}
	]
}
